seq,uuid
1,afa974eceb604fdca9f258dcd6f098d0
2,217672facf914d85bffaf89a37059b74
3,9dae34c691a849efb441301aa75f4e18
4,f3df98d59b7541e09e7153430363a621
5,7830228f42df43de8d2fe8eb7a2bc770
6,c65484df089b447583baca8b7aa8853f
7,0aa337380df64d909126f879bb768e1a
8,ab17e53eb99741ed904cb9adeff54930
9,6e0c1b376e8b48ef9d51ead55790726b
10,33ee410a3c2c4f2c9f8651c2c720493c
11,626535ac804c48fd818072c89c79c380
12,cea730cc39b54282a0ccff7273f5411d
13,2e32f58584704203989604ec3d650f2b
14,6b26eb9a1f5c44b99a9c27ddf00bef84
15,23fb12f17cca4bbea6680f131dca2bd8
16,57c7add5e46e44f4af4a0720b44367a4
17,4ab4b617ba8241ffbcaa07162ca5c2ed
18,aea3bd164b9f47899dda252c434fa1c6
19,92d50de9e9a74ab1b57572f760f49593
20,69dcaf337556464497337225e0722f3d
21,3f6ccbae40744ca7912eb56314006c76
22,603bd47c35be4cfcad687a56d6e87c99
23,48190306908b40f3b2790f98d51ab400
24,78150e4814e64486b2dc64639cb41b9e
25,728af01e43374c53902234c01bf749bb
26,a12cb1913f0c42baa95e5743b2dedba2
27,5d9096e5ccb9417bb3d844791eaaa0cd
28,ac2f36a452184a99a000121cdd85be14
29,07ebede67689456b822a73d6bf5b9467
30,8d01fa0e3d364309964a4abf86cdf347
31,c045f3b7bef1499287593ed2446d3bc2
32,db46c839cc5d4d87abad836fc433bede
33,165be9bf067048c89f67ee7facab4a7b
34,d123b1ccf32d4e19a1fdf0e4368b6b98
35,4c0b0d6e042a4ea48614acc526380832
36,0c5c9f7774ad421ea833c2f2ec8b575f
37,d7b1ea17c8e94951929996a24f6b1225
38,28fb98a8f3e04ecdb18720379c4ff646
39,50c7a00440f44f27bad457e40636ce46
40,15e01d92361b49249434c953bda4d571
41,c3754bf16c4d4091a4a0e163c924a3c7
42,6969286610d04f8294b07d837d706654
43,0cc178750fda418ebbe8d2fdd0622423
44,7d2d084352a542558f3d15ccca910bae
45,7565a2a1265d4823b2b4c77fa098a526
46,22db8b879db94365a3cf702ae3cb022e
47,545d694975344922b42fb36d91571b56
48,30f462e95999484ba3bb2b8874e7d571
49,05999c68e0d14fa1a1bcdf90b179dfc5
50,8db327bff1294ae1874b78fdee8e8b71
51,8d037f43895143ad89a351749b113814
52,66a8648275b04325837b502639a5305f
53,25715c2daa7d4e5680bd57f15a1ee785
54,3939248643a34299a6de3e71767ae111
55,5897703d08974890b2b36b1fd2f2a4d7
56,338f6595cbee4bc2af7a7969492769ea
57,0cdf59ebd61f47b0bfb73ac119da0606
58,9df7b098c9874125bbd2c62f385bf0d2
59,d2a23925581348adb8899d2ad99b7f61
60,717d6020e7af41be972dce9b0fd0d33a
61,a45565a95928461fbe7953b90dbcae21
62,5baf40ded4094375b6debc397e04f0fd
63,6fa388e7d74a4388b6997ed9f2e039a9
64,c690ac1483d34434af0518fc189fc8cc
65,49fbdcec97c6446a95ef25005c327f8a
66,8401cffd5d60457ca69f0f2f1fd301b5
67,30e61d309dea40b291937948ae6df627
68,9b5bd6076d8f44ab807e3685cbb98933
69,f39dd4c646fb480aa08531b6ce67244f
70,fdafe2db2c3e4ab09816cfefe2ba86b8
71,089e9a328ba64b86870252f8d616bd3e
72,ce4fdbdfbdea4e5aa119508fb07488b0
73,af3d30605f334b1488a6acd52aec2ae3
74,6336523672f645bb856c96e9c024c279
75,236c86631c3c435693f7b8712bd4de51
76,08204551dd8b4bf3a637972babe909c9
77,1dd475bfea5f4aa8b45350cddb43164b
78,ec7983753c644fa8a69ecdb2084140fc
79,5fd2da3acc594c78be46369deb214b17
80,1d7dc7c3193240e19acb8cffa5e5f594
81,fa33851e0bac477ba029f93b9e038630
82,328bb32a88de422eb7ac448b91c2a441
83,e1c0482c6246462287da59195534308c
84,75994fc1f4454f97b74b0725567ae005
85,f3274d5b91cc469dac3d7d0c92cfade8
86,ba3388c280ec443da39d450836be0175
87,e747ec3a1dab40f8860b34a8891326df
88,db6cc9af08104c23a164b48c1ccb1af6
89,a7f1b196de104621b1346fd46cd24761
90,b808448eee274784b649daf193bf1dba
91,0dd341316be04e128ec78649c4c78afb
92,6757a266dfad4e369d5afbc5ba41f779
93,f8afa4ab05c94156af1e07fa8b89c5ae
94,925fca7fe6114f75ae9719d03424d5b2
95,e0eccf2751b5493da026c66ac0d65d89
96,8d9de6b3d9a14e1eb591f1dcbd08ee6c
97,3de36c283c02478584bafa80a4fc3822
98,61501c7f3c9c431e920b2f431b3c5f50
99,112ef94326504c54b90b70830a9bace6
100,a88017ff88d44e9b999061ca8e4559f3
